<application>
  <component name="DartCodeInsightSettings">
    <option name="SHOW_CLOSING_LABELS" value="false" />
  </component>
  <component name="PropertiesComponent">
    <property name="ATTACHED_TOOL_WINDOW.DEFAULT.NAV_EDITOR.PROPERTIES.AUTO_HIDE" value="false" />
    <property name="ATTACHED_TOOL_WINDOW.DEFAULT.NAV_EDITOR.PROPERTIES.LEFT" value="false" />
    <property name="ATTACHED_TOOL_WINDOW.DEFAULT.NAV_EDITOR.PROPERTIES.SPLIT" value="false" />
    <property name="ATTACHED_TOOL_WINDOW.DEFAULT.NAV_EDITOR.TOOL_ORDER" value="PROPERTIES,structure" />
    <property name="ATTACHED_TOOL_WINDOW.DEFAULT.NAV_EDITOR.structure.AUTO_HIDE" value="false" />
    <property name="ATTACHED_TOOL_WINDOW.DEFAULT.NAV_EDITOR.structure.LEFT" value="true" />
    <property name="ATTACHED_TOOL_WINDOW.DEFAULT.NAV_EDITOR.structure.SPLIT" value="false" />
    <property name="ATTACHED_TOOL_WINDOW.DEFAULT.NELE_EDITOR.COMPONENT_TREE.AUTO_HIDE" value="false" />
    <property name="ATTACHED_TOOL_WINDOW.DEFAULT.NELE_EDITOR.COMPONENT_TREE.LEFT" value="true" />
    <property name="ATTACHED_TOOL_WINDOW.DEFAULT.NELE_EDITOR.COMPONENT_TREE.SPLIT" value="true" />
    <property name="ATTACHED_TOOL_WINDOW.DEFAULT.NELE_EDITOR.PALETTE.AUTO_HIDE" value="false" />
    <property name="ATTACHED_TOOL_WINDOW.DEFAULT.NELE_EDITOR.PALETTE.LEFT" value="true" />
    <property name="ATTACHED_TOOL_WINDOW.DEFAULT.NELE_EDITOR.PALETTE.SPLIT" value="false" />
    <property name="ATTACHED_TOOL_WINDOW.DEFAULT.NELE_EDITOR.PROPERTIES.AUTO_HIDE" value="false" />
    <property name="ATTACHED_TOOL_WINDOW.DEFAULT.NELE_EDITOR.PROPERTIES.LEFT" value="false" />
    <property name="ATTACHED_TOOL_WINDOW.DEFAULT.NELE_EDITOR.PROPERTIES.SPLIT" value="false" />
    <property name="ATTACHED_TOOL_WINDOW.DEFAULT.NELE_EDITOR.TOOL_ORDER" value="PALETTE,PROPERTIES,COMPONENT_TREE" />
    <property name="ATTACHED_TOOL_WINDOW.DEFAULT.Preview.PALETTE.AUTO_HIDE" value="true" />
    <property name="ATTACHED_TOOL_WINDOW.DEFAULT.Preview.PALETTE.LEFT" value="true" />
    <property name="ATTACHED_TOOL_WINDOW.DEFAULT.Preview.PALETTE.SPLIT" value="false" />
    <property name="ATTACHED_TOOL_WINDOW.DEFAULT.Preview.TOOL_ORDER" value="PALETTE" />
    <property name="ATTACHED_TOOL_WINDOW.NAV_EDITOR.LEFT.UNSCALED.WIDTH" value="225" />
    <property name="ATTACHED_TOOL_WINDOW.NAV_EDITOR.RIGHT.UNSCALED.WIDTH" value="251" />
    <property name="ATTACHED_TOOL_WINDOW.NAV_EDITOR.TOOL_ORDER" value="PROPERTIES,structure" />
    <property name="ATTACHED_TOOL_WINDOW.NAV_EDITOR.structure.LEFT" value="true" />
    <property name="ATTACHED_TOOL_WINDOW.NELE_EDITOR.COMPONENT_TREE.LEFT" value="true" />
    <property name="ATTACHED_TOOL_WINDOW.NELE_EDITOR.COMPONENT_TREE.SPLIT" value="true" />
    <property name="ATTACHED_TOOL_WINDOW.NELE_EDITOR.LEFT.UNSCALED.WIDTH" value="225" />
    <property name="ATTACHED_TOOL_WINDOW.NELE_EDITOR.PALETTE.LEFT" value="true" />
    <property name="ATTACHED_TOOL_WINDOW.NELE_EDITOR.RIGHT.UNSCALED.WIDTH" value="251" />
    <property name="ATTACHED_TOOL_WINDOW.NELE_EDITOR.TOOL_ORDER" value="PALETTE,PROPERTIES,COMPONENT_TREE" />
    <property name="ATTACHED_TOOL_WINDOW.Preview.LEFT.UNSCALED.WIDTH" value="225" />
    <property name="ATTACHED_TOOL_WINDOW.Preview.PALETTE.AUTO_HIDE" value="true" />
    <property name="ATTACHED_TOOL_WINDOW.Preview.PALETTE.LEFT" value="true" />
    <property name="ATTACHED_TOOL_WINDOW.Preview.RIGHT.UNSCALED.WIDTH" value="225" />
    <property name="ATTACHED_TOOL_WINDOW.Preview.TOOL_ORDER" value="PALETTE" />
    <property name="AndroidInitConfigurator.V1" value="true" />
    <property name="AndroidInitConfigurator.V3" value="true" />
    <property name="AndroidInitConfigurator.V5" value="true" />
    <property name="AndroidPlatformName" value="Android API 28 Platform" />
    <property name="ColorChooser.RecentColors" value="255-255-255-255,,,54-73-88-255,,,0-0-0-255,,,115-115-115-255,,,51-51-51-255,,,179-179-179-255,,,67-160-71-255,,,229-57-53-255,,,255-179-102-255,,,232-230-0-255,,,203-203-203-255,,,27-213-139-255" />
    <property name="CommitChangeListDialog.DETAILS_SHOW_OPTION_" value="false" />
    <property name="CommitChangeListDialog.DETAILS_SPLITTER_PROPORTION_2" value="0.62028986" />
    <property name="CommitChangeListDialog.SPLITTER_PROPORTION_2" value="0.8831776" />
    <property name="Copy.OpenInEditor" value="true" />
    <property name="Default.savedEditorTheme" value="_@user_Default" />
    <property name="ExpandBeforeRunStepsPanel" value="true" />
    <property name="ExpandRunDashboardTypesPanel" value="false" />
    <property name="FLUTTER_COMPANY_DOMAIN" value="justcodenow.com" />
    <property name="FileTemplates.SelectedTemplate" value="HTML File" />
    <property name="INTENTION_FILTER_HISTORY" value="getter" />
    <property name="KEYMAP" value="package&#10;resource&#10;layout&#10;java&#10;kotlin" />
    <property name="LOG_FILTER_HISTORY" value="tag&#10;okhttp&#10;401&#10;Cat&#10;token" />
    <property name="LayoutCode.optimizeImports" value="false" />
    <property name="MemberChooser.copyJavadoc" value="false" />
    <property name="MemberChooser.showClasses" value="true" />
    <property name="MobileminApi" value="14" />
    <property name="PLUGIN_FILTER" value="kotlin&#10;kdoc&#10;flutter&#10;jsonto&#10;adb" />
    <property name="SAVED_ANDROID_NPW_LANGUAGE" value="Kotlin" />
    <property name="SAVED_ANDROID_PACKAGE" value="com.android" />
    <property name="SAVED_COMPANY_DOMAIN" value="com.himanshu97" />
    <property name="SearchEveryWhereHistory" value="retrofit interface&#10;Cart&#10;Dashbo&#10;Home&#10;watchlist" />
    <property name="SettingsSearchHistory" value="sty&#10;style&#10;live&#10;code&#10;lib" />
    <property name="TemplateBuilder_key_category" value="win 10" />
    <property name="TemplateBuilder_key_template_path" value="F:/template" />
    <property name="TrendingPluginsSearchHistory" value="template" />
    <property name="android-component-compatibility-check" value="1558767370702" />
    <property name="build.toolwindow.Build Output.selection.state" value="com.intellij.build.BuildTreeConsoleView" />
    <property name="build.toolwindow.Build.selection.state" value="com.intellij.build.BuildTreeConsoleView" />
    <property name="build.toolwindow.Sync.selection.state" value="com.intellij.build.BuildTreeConsoleView" />
    <property name="build.toolwindow.run.selection.state" value="consoleView" />
    <property name="colorPickerCategoryProperty" value="MATERIAL_500" />
    <property name="com.intellij.diagnostic.IdeErrorsDialogactiveTab" value="0" />
    <property name="com.intellij.history.integration.ui.views.DirectoryHistoryDialog.0" value="300" />
    <property name="com.intellij.history.integration.ui.views.FileHistoryDialog.0" value="300" />
    <property name="com.intellij.history.integration.ui.views.FileHistoryDialog.1" value="800" />
    <property name="decompiler.legal.notice.accepted" value="true" />
    <property name="exception.accepted.notices" value="182193a2" />
    <property name="file.chooser.recent.files" value="F:/AndroidProjects/ReportingApp3/ReportingApp3&#10;F:/AndroidProjects/ReportingApp3_30_05_2019/ReportingApp3&#10;C:/Users/win 10/Desktop&#10;C:/Users/win 10/Downloads/icon_back.svg&#10;C:/Users/win 10/Downloads/lottie-android-master/lottie-android-master/LottieSample&#10;C:/Users/win 10/Downloads/icon_selected.svg&#10;C:/Users/win 10/Downloads/icon_goto.svg&#10;C:/Users/win 10/Downloads/bottom_message_bg_shad.svg&#10;C:/Users/win 10/Downloads/icon_bars_best.svg&#10;C:/Users/win 10/Downloads/splash_brand_logo.svg&#10;C:/Users/win 10/Downloads/splash_bg.svg&#10;F:/ReportingApp/ReportingApp3&#10;C:/Users/win 10/Downloads/qr-code.svg&#10;C:/Users/win 10/Desktop/Desktop/transparent.png&#10;F:/AndroidProjects/OperrWork/OperrWork/app/src/main/res/drawable/logo.png&#10;C:/Users/win 10/Downloads/Happykart-mvvm-rxjava-dagger-master/Happykart-mvvm-rxjava-dagger-master&#10;F:/AndroidProjects/image/final&#10;C:/Users/win 10/Downloads/man.svg&#10;C:/Users/win 10/Downloads/bride.svg&#10;F:/AndroidProjects/Dagger2&#10;C:/Users/win 10/Downloads/TheMovies-master/TheMovies-master&#10;C:/Users/win 10/Downloads/CryptoCurrencyApp-dagger_setup/CryptoCurrencyApp-dagger_setup&#10;C:/Users/win 10/Downloads/NewAndroidArchitecture-develop/NewAndroidArchitecture-develop&#10;F:/AndroidProjects&#10;F:/AndroidProjects/OperrWork/OperrWork&#10;F:/AndroidProjects/OperrWork/operr-work-lib&#10;F:/AndroidProjects/OperrWork&#10;C:/Users/win 10/Downloads/examples-master/examples-master/lite/examples/object_detection/android&#10;C:/Users/win 10/Downloads/examples-master/examples-master/lite/examples/image_classification/android&#10;F:/operr v3/operr-v3-mobile-customer" />
    <property name="file.gist.reindex.count" value="20385" />
    <property name="fileTypeChangedCounter" value="3" />
    <property name="inspector.open.All Attributes" value="true" />
    <property name="inspector.open.textAppearance" value="true" />
    <property name="installed.kotlin.plugin.version" value="1.3.31-release-Studio3.4-1" />
    <property name="io.flutter.analytics.clientId" value="4354fda9-2f61-4438-a553-22ceed4e1e81" />
    <property name="io.flutter.analytics.toastShown" value="true" />
    <property name="jsonToKotlin_user_uuid_value_key" value="d9897eec-8c62-4458-b1be-4a9670288ea2" />
    <property name="kotlin.lastUpdateCheck" value="1559203204365" />
    <property name="kotlin.plugin.releaseDate" value="1.3.31-release-Studio3.4-1:2019-04-25" />
    <property name="lastTip" value="19" />
    <property name="newly.installed.api.level" value="21" />
    <property name="properties.mode" value="INSPECTOR" />
    <property name="search.everywhere.max.popup.width" value="660" />
    <property name="selected.color.option.type" value="KOTLIN_DSL_STYLE1" />
    <property name="settings.code.style.selected.tab.XML" value="Android" />
    <property name="settings.code.style.selected.tab.kotlin" value="Wrapping and Braces" />
    <property name="studio.activity.count" value="0" />
  </component>
</application>